name,price,link
Alexander McQueen," ,€ 585, ,€ 1,589, ,€ 625, ,€ 919",/int/en/men/alexander-mcqueen-wool-and-mohair-blazer-black-p00702018
Bottega Veneta," ,€ 1,765, ,€ 835, ,€ 635, ,€ 2,269",/int/en/men/bottega-veneta-haddock-leather-derby-shoes-black-p00890603
Alanui," ,€ 795, ,€ 515",/int/en/men/alanui-akasha-embroidered-cotton-blend-shorts-white-p00884112
Bode," ,€ 499, ,€ 379",/int/en/men/bode-see-you-at-the-barn-cotton-shorts-green-p00884802
Bode," ,€ 465, ,€ 549",/int/en/men/bode-knolly-brook-embroidered-wide-leg-jeans-blue-p00884829
Rick Owens," ,€ 955, ,€ 749, ,€ 1,249",/int/en/men/rick-owens-bela-cotton-blend-wide-leg-pants-black-p00892804
Tom Ford," ,€ 835, ,€ 3,745",/int/en/men/tom-ford-shelton-checked-wool-suit-multicoloured-p00885703
Alexander McQueen," ,€ 1,255, ,€ 625, ,€ 919",/int/en/men/alexander-mcqueen-wool-and-mohair-slim-pants-black-p00702019
Gucci," ,€ 1,329, ,€ 315, ,€ 489, ,€ 169, ,€ 1,765, ,€ 825",/int/en/men/gucci-leather-belt-brown-p00613441
Tom Ford," ,€ 885, ,€ 415, ,€ 290, ,€ 499, ,€ 635",/int/en/men/tom-ford-barnes-suede-espadrilles-brown-p00738002
Gucci," ,€ 1,329, ,€ 635, ,€ 315, ,€ 489, ,€ 1,305, ,€ 169",/int/en/men/gucci-jordaan-leather-loafers-black-p00436217
Dolce&Gabbana," ,€ 1,219, ,€ 715, ,€ 1,895, ,€ 465",/int/en/men/dolce-gabbana-pinstripe-wool-suit-pants-white-p00897664
Sacai," ,€ 509, ,€ 585, ,€ 789",/int/en/men/sacai-straight-cargo-pants-black-p00892643
Gucci," ,€ 1,329, ,€ 4,875, ,€ 4,625",/int/en/men/gucci-gg-leather-straight-pants-grey-p00893318
Loewe," ,€ 1,219, ,€ 799",/int/en/men/loewe-anagram-denim-jacket-blue-p00840665
Saint Laurent," ,€ 1,555, ,€ 825, ,€ 1,005, ,€ 1,255",/int/en/men/saint-laurent-wyatt-leather-ankle-boots-black-p00804946
Burberry," ,€ 1,085, ,€ 1,505, ,€ 555",/int/en/men/burberry-camden-cotton-gabardine-car-coat-black-p00888004
Burberry," ,€ 1,339, ,€ 665, ,€ 2,565, ,€ 919",/int/en/men/burberry-embellished-leather-loafers-black-p00896262
Berluti," ,€ 1,935, ,€ 439, ,€ 859, ,€ 325",/int/en/men/berluti-thabor-embroidered-cotton-jersey-t-shirt-white-p00895170
Dolce&Gabbana," ,€ 1,389, ,€ 669, ,€ 585, ,€ 669",/int/en/men/dolce-gabbana-leather-derby-shoes-black-p00875638
Loewe," ,€ 715, ,€ 799, ,€ 2,185",/int/en/men/loewe-campo-suede-loafers-brown-p00883887
Loewe," ,€ 2,609, ,€ 799, ,€ 2,185",/int/en/men/loewe-campo-suede-loafers-brown-p00883887
Auralee," ,€ 1,095, ,€ 455, ,€ 635",/int/en/men/auralee-wool-and-silk-blend-sweater-green-p00834924
Loewe," ,€ 2,859, ,€ 825, ,€ 799",/int/en/men/loewe-anagram-cotton-blend-sweatshirt-white-p00883924
Loewe," ,€ 715, ,€ 799, ,€ 2,185",/int/en/men/loewe-campo-suede-loafers-brown-p00883887
Zegna," ,€ 835, ,€ 799, ,€ 749, ,€ 2,019",/int/en/men/zegna-silk-oxford-shirt-blue-p00896047
Valentino," ,€ 665, ,€ 1,265, ,€ 925, ,€ 1,599",/int/en/men/valentino-cotton-overshirt-blue-p00882353
Saint Laurent," ,€ 1,255, ,€ 445, ,€ 919, ,€ 715",/int/en/men/saint-laurent-patent-leather-belt-black-p00892131
The Row," ,€ 1,135, ,€ 2,715, ,€ 2,045",/int/en/men/the-row-laydon-wool-blazer-black-p00835901
Lemaire," ,€ 1,549, ,€ 565, ,€ 685",/int/en/men/lemaire-boxy-denim-field-jacket-beige-p00883773
Givenchy," ,€ 690, ,€ 605, ,€ 1,090",/int/en/men/givenchy-logo-cotton-shirt-orange-p00877031
Bottega Veneta," ,€ 1,265, ,€ 799, ,€ 799",/int/en/men/bottega-veneta-straight-jeans-blue-p00890589
Acne Studios," ,€ 549, ,€ 439, ,€ 635, ,€ 669",/int/en/men/acne-studios-applique-cotton-blend-sweater-blue-p00891837
Zegna," ,€ 749, ,€ 505, ,€ 353",/int/en/men/zegna-straight-jeans-black-p00828619
Thom Sweeney," ,€ 755, ,€ 165",/int/en/men/thom-sweeney-silk-grenadine-tie-grey-p00918042
Maison Margiela," ,€ 439, ,€ 1,389",/int/en/men/maison-margiela-logo-canvas-bomber-jacket-grey-p00877762
Acne Studios," ,€ 379, ,€ 585, ,€ 219",/int/en/men/acne-studios-oversized-wool-blend-blazer-black-p00882168
Gucci," ,€ 335, ,€ 745",/int/en/men/gucci-double-g-printed-cotton-bowling-shirt-multicoloured-p00939588
Valentino," ,€ 499, ,€ 1,179, ,€ 825",/int/en/men/valentino-cotton-shirt-white-p00832879
Acne Studios," ,€ 379, ,€ 549, ,€ 319",/int/en/men/acne-studios-printed-canvas-wide-leg-pants-blue-p00891829
Lardini," ,€ 249, ,€ 299, ,€ 869",/int/en/men/lardini-linen-shirt-brown-p00867046
Loro Piana," ,€ 715, ,€ 499, ,€ 405, ,€ 499",/int/en/men/loro-piana-woven-suede-belt-beige-p00641967
Jil Sander," ,€ 749, ,€ 589",/int/en/men/jil-sander-friday-pinstripe-cotton-shirt-blue-p00889365
Ami Paris," ,€ 345, ,€ 379, ,€ 2,059",/int/en/men/ami-paris-twill-straight-pants-black-p00914308
Loewe," ,€ 845, ,€ 2,185",/int/en/men/loewe-cotton-parka-green-p00883951
Gabriela Hearst," ,€ 635, ,€ 3,575",/int/en/men/gabriela-hearst-slade-single-breasted-cashmere-coat-black-p00875495
Auralee," ,€ 319, ,€ 319, ,€ 505",/int/en/men/auralee-striped-cotton-organza-oxford-shirt-beige-p00894912
Alanui," ,€ 345, ,€ 925, ,€ 465",/int/en/men/alanui-punti-summer-crochet-cotton-blend-cardigan-neutrals-p00884123
King & Tuckfield," ,€ 319, ,€ 265, ,€ 869",/int/en/men/king-tuckfield-wool-bowling-shirt-yellow-p00884610
Brunello Cucinelli," ,€ 665, ,€ 549",/int/en/men/brunello-cucinelli-cotton-slim-chinos-brown-p00895734
Dolce&Gabbana," ,€ 545, ,€ 755",/int/en/men/dolce-gabbana-wool-straight-pants-white-p00897695
Auralee," ,€ 635, ,€ 695, ,€ 319",/int/en/men/auralee-wool-and-mohair-blazer-beige-p00894905
Bode," ,€ 639, ,€ 1,085, ,€ 499",/int/en/men/bode-embroidered-cotton-jacket-brown-p00837220
Bode," ,€ 749, ,€ 659, ,€ 1,389, ,€ 465",/int/en/men/bode-striped-mid-rise-cotton-straight-pants-multicoloured-p00884921
Burberry," ,€ 755, ,€ 1,505, ,€ 669",/int/en/men/burberry-camden-cotton-gabardine-car-coat-black-p00888004
Gucci," ,€ 695, ,€ 635, ,€ 489, ,€ 1,009",/int/en/men/gucci-jordaan-leather-loafers-black-p00436217
Zegna," ,€ 715, ,€ 665, ,€ 399, ,€ 319, ,€ 223",/int/en/men/zegna-straight-leg-cotton-and-wool-pants-beige-p00734220
Balenciaga," ,€ 925, ,€ 895, ,€ 1,200",/int/en/men/balenciaga-political-campaign-hooded-sweatshirt-black-p00486724
Brunello Cucinelli," ,€ 635, ,€ 3,195, ,€ 695",/int/en/men/brunello-cucinelli-linen-suit-beige-p00932911
Gucci," ,€ 755, ,€ 659, ,€ 315, ,€ 925, ,€ 1,765",/int/en/men/gucci-mid-rise-straight-jeans-blue-p00737597
Burberry," ,€ 835, ,€ 1,475, ,€ 1,055",/int/en/men/burberry-shield-medium-burberry-check-duffel-bag-green-p00896224
Valentino," ,€ 825, ,€ 1,265, ,€ 925",/int/en/men/valentino-cotton-overshirt-blue-p00882353
Gucci," ,€ 755, ,€ 659, ,€ 315, ,€ 489, ,€ 925",/int/en/men/gucci-mid-rise-straight-jeans-blue-p00737597
Brunello Cucinelli," ,€ 635, ,€ 1,009, ,€ 3,029, ,€ 585",/int/en/men/brunello-cucinelli-linen-chinos-brown-p00895814
Gucci," ,€ 755, ,€ 659, ,€ 315, ,€ 925, ,€ 1,765",/int/en/men/gucci-mid-rise-straight-jeans-blue-p00737597
Balenciaga," ,€ 925, ,€ 950, ,€ 1,200",/int/en/men/balenciaga-cotton-sweatshirt-blue-p00798271
Brioni," ,€ 1,749, ,€ 485, ,€ 2,479, ,€ 419",/int/en/men/brioni-pienza-cotton-straight-pants-blue-p00884410
The Row," ,€ 685, ,€ 1,179",/int/en/men/the-row-benji-cashmere-sweater-beige-p00654779
Zegna," ,€ 635, ,€ 1,765, ,€ 585, ,€ 409",/int/en/men/zegna-single-breasted-virgin-wool-suit-grey-p00734210
Brunello Cucinelli," ,€ 1,005, ,€ 749, ,€ 3,115, ,€ 775",/int/en/men/brunello-cucinelli-cotton-polo-shirt-neutrals-p00895724
Tom Ford," ,€ 1,675, ,€ 1,169",/int/en/men/tom-ford-leather-loafers-black-p00596867
Zegna," ,€ 835, ,€ 375, ,€ 2,179",/int/en/men/zegna-linen-shirt-blue-p00911529
Loro Piana," ,€ 1,515, ,€ 415, ,€ 749, ,€ 449",/int/en/men/loro-piana-andre-denim-shirt-blue-p00440470
Tom Ford," ,€ 2,429, ,€ 499, ,€ 190, ,€ 499",/int/en/men/tom-ford-slim-fit-jeans-blue-p00487047
The Row," ,€ 2,919, ,€ 1,229, ,€ 1,269, ,€ 959, ,€ 1,775",/int/en/men/the-row-soft-leather-loafers-black-p00835943
The Row," ,€ 3,919, ,€ 895, ,€ 1,269, ,€ 2,959",/int/en/men/the-row-sailor-leather-loafers-black-p00727110
Dolce&Gabbana," ,€ 755, ,€ 1,055, ,€ 569",/int/en/men/dolce-gabbana-cotton-polo-shirt-beige-p00897665
Burberry," ,€ 1,255, ,€ 665, ,€ 445, ,€ 1,135",/int/en/men/burberry-embellished-leather-loafers-black-p00896262
Zegna," ,€ 635, ,€ 629",/int/en/men/zegna-oasi-lino-linen-pants-blue-p00911552
Tom Ford," ,€ 1,339, ,€ 499, ,€ 329, ,€ 230",/int/en/men/tom-ford-slim-fit-jeans-blue-p00487047
The Row," ,€ 2,329, ,€ 1,325, ,€ 1,229, ,€ 959",/int/en/men/the-row-giorgio-silk-shirt-neutrals-p00835898
The Row," ,€ 1,239, ,€ 845, ,€ 507",/int/en/men/the-row-zachary-long-sleeved-wool-shirt-grey-p00575239
Loro Piana," ,€ 795, ,€ 749, ,€ 1,895, ,€ 585, ,€ 465",/int/en/men/loro-piana-leather-loafers-brown-p00808676
Burberry," ,€ 1,475, ,€ 835, ,€ 1,055",/int/en/men/burberry-shield-ekd-leather-loafers-black-p00932563
Brunello Cucinelli," ,€ 3,325, ,€ 665, ,€ 749, ,€ 969",/int/en/men/brunello-cucinelli-leather-loafers-beige-p00895783
Saint Laurent," ,€ 1,845, ,€ 405, ,€ 825, ,€ 919, ,€ 715",/int/en/men/saint-laurent-slim-grained-leather-belt-black-p00492146
Visvim," ,€ 439, ,€ 1,349, ,€ 709, ,€ 239",/int/en/men/visvim-hammons-santome-wool-and-linen-blazer-grey-p00907991
Loewe," ,€ 1,009, ,€ 635, ,€ 925, ,€ 659",/int/en/men/loewe-striped-cotton-poplin-shirt-blue-p00883881
Burberry," ,€ 1,219, ,€ 665, ,€ 3,775",/int/en/men/burberry-embellished-leather-loafers-black-p00896262
Gucci," ,€ 1,255, ,€ 755",/int/en/men/gucci-gg-embellished-leather-loafers-brown-p00939638
Loewe," ,€ 2,355, ,€ 749, ,€ 449, ,€ 825, ,€ 925",/int/en/men/loewe-wool-pants-black-p00697515
Gucci," ,€ 749, ,€ 659, ,€ 489, ,€ 755, ,€ 775",/int/en/men/gucci-mid-rise-straight-jeans-blue-p00737597
Gucci," ,€ 1,665, ,€ 659, ,€ 489, ,€ 755, ,€ 775",/int/en/men/gucci-mid-rise-straight-jeans-blue-p00737597
Burberry," ,€ 799, ,€ 665, ,€ 919",/int/en/men/burberry-embellished-leather-loafers-black-p00896262
Bottega Veneta," ,€ 1,765, ,€ 835, ,€ 799, ,€ 549, ,€ 3,279",/int/en/men/bottega-veneta-haddock-leather-derby-shoes-black-p00890603
Moncler," ,€ 580, ,€ 440",/int/en/men/moncler-cotton-chinos-neutrals-p00903891
Saint Laurent," ,€ 835, ,€ 2,315, ,€ 405, ,€ 825",/int/en/men/saint-laurent-solferino-medium-leather-shoulder-bag-black-p00709444
Lemaire," ,€ 749, ,€ 415, ,€ 439, ,€ 609",/int/en/men/lemaire-twisted-barrel-leg-jeans-black-p00883739
Gucci," ,€ 1,009, ,€ 669, ,€ 1,135",/int/en/men/gucci-mac80-leather-sneakers-white-p00815903
Burberry," ,€ 635, ,€ 1,589, ,€ 1,055, ,€ 609",/int/en/men/burberry-technical-parka-beige-p00896322
Lemaire," ,€ 919, ,€ 439, ,€ 665, ,€ 499, ,€ 319",/int/en/men/lemaire-piped-leather-loafers-black-p00750689
Gucci," ,€ 1,505, ,€ 755, ,€ 1,095, ,€ 1,665, ,€ 799",/int/en/men/gucci-gg-embellished-leather-loafers-brown-p00939638
Burberry," ,€ 555, ,€ 609",/int/en/men/burberry-leather-derby-shoes-black-p00896264
Givenchy," ,€ 605, ,€ 880, ,€ 1,260",/int/en/men/givenchy-mr-g-leather-loafers-black-p00876332
Bottega Veneta," ,€ 549, ,€ 2,105, ,€ 1,009, ,€ 2,105",/int/en/men/bottega-veneta-small-intrecciato-leather-tote-bag-green-p00897170
Thom Browne," ,€ 659, ,€ 1,179, ,€ 589, ,€ 1,995, ,€ 1,315",/int/en/men/thom-browne-4-bar-wool-tweed-pants-grey-p00821943
Tom Ford," ,€ 575, ,€ 499, ,€ 499, ,€ 835, ,€ 325",/int/en/men/tom-ford-slim-fit-jeans-blue-p00487047
Tom Ford," ,€ 635, ,€ 499, ,€ 499, ,€ 835",/int/en/men/tom-ford-slim-fit-jeans-blue-p00487047
Acne Studios," ,€ 565, ,€ 229, ,€ 535, ,€ 379, ,€ 379",/int/en/men/acne-studios-checked-wool-blend-scarf-multicoloured-p00882224
Gucci," ,€ 825, ,€ 635, ,€ 315, ,€ 635",/int/en/men/gucci-jordaan-leather-loafers-black-p00436217
The Row," ,€ 1,269, ,€ 895, ,€ 2,959, ,€ 3,919",/int/en/men/the-row-sailor-leather-loafers-black-p00727110
Tom Ford," ,€ 665, ,€ 499",/int/en/men/tom-ford-slim-fit-jeans-blue-p00487047
Amiri," ,€ 649, ,€ 649",/int/en/men/amiri-ma-1-leather-and-mesh-sneakers-grey-p00893404
Loewe," ,€ 635, ,€ 1,555, ,€ 635",/int/en/men/loewe-puzzle-fold-large-suede-tote-bag-blue-p00875888
Valentino Garavani," ,€ 1,685, ,€ 749, ,€ 1,685",/int/en/men/valentino-garavani-rockstud-essential-leather-loafers-black-p00882635
Tom Ford," ,€ 575, ,€ 249, ,€ 174, ,€ 499, ,€ 835, ,€ 499",/int/en/men/tom-ford-aviator-acetate-sunglasses-black-p00734782
Tom Ford," ,€ 575, ,€ 499",/int/en/men/tom-ford-slim-fit-jeans-blue-p00487047
Brunello Cucinelli," ,€ 499, ,€ 715, ,€ 549, ,€ 1,935",/int/en/men/brunello-cucinelli-low-top-leather-sneakers-white-p00738277
Amiri," ,€ 955, ,€ 699, ,€ 499",/int/en/men/amiri-shotgun-distressed-wide-leg-jeans-blue-p00900617
Burberry," ,€ 665, ,€ 695",/int/en/men/burberry-straight-wool-blend-pants-blue-p00818431
Zegna," ,€ 375, ,€ 749, ,€ 749",/int/en/men/zegna-triple-stitch-leather-sneakers-with-concealed-laces-neutrals-p00480287
